-2.48407,0.748505,0
-1.73543,-0.0340744,0
-2.24196,1.21737,0
-3.18631,0.193403,0
-2.6111,0.00165686,0
-2.09635,-0.511388,0
0.380321,-0.0100744,0
-1.43922,0.272527,0
-2.41061,0.737282,0
-2.99891,-1.11089,0
-1.8653,-0.335384,0
-1.31297,-0.84466,0
-1.81217,0.396508,0
-2.43438,-0.808303,0
-1.46881,-0.0592071,0
-2.08442,0.153332,0
-3.03227,0.423462,0
-2.44092,-0.36483,0
-0.996204,0.167401,0
-2.10596,-0.759547,0
-3.65011,0.334922,0
-2.51414,0.90333,0
-2.73185,0.403373,0
-2.65614,-0.0529592,0
-2.05959,-1.01303,0
-0.303719,-0.137759,0
-1.65887,-0.0964724,0
-3.50707,-0.225186,0
-2.96893,-0.581441,0
-2.13484,0.851763,0
-2.66291,-0.384816,0
-2.77102,0.156725,0
-2.29116,-0.156559,0
-0.594044,-1.40363,0
-2.94799,-0.734361,0
-2.89453,0.648006,0
-1.52377,-0.14666,0
-3.62525,-0.997395,0
-2.42388,1.14432,0
-1.84791,-0.0272169,0
-2.35939,-0.732911,0
-2.61099,0.737855,0
-1.90281,-1.90759,0
-0.656901,-0.801424,0
-1.00026,0.85585,0
-3.18742,0.112923,0
-3.2181,-1.09363,0
-2.09029,-0.608535,0
-1.3317,0.496699,0
-0.620619,0.181888,0
-1.2482,0.623108,0
-2.00991,0.426856,0
-1.81041,0.0763874,0
-1.26734,-0.939158,0
-1.08932,1.46872,0
-1.64621,-0.254281,0
-2.05389,0.460383,0
-1.69963,0.657213,0
-0.543288,-0.249311,0
-1.8053,0.196374,0
-1.93256,-0.764137,0
-2.07072,-0.0293809,0
-2.63589,-0.0581852,0
-1.44217,0.451361,0
-3.76514,-0.256327,0
-1.71381,-0.569583,0
-1.98145,-1.50884,0
-2.67085,-1.14552,0
-1.31064,-0.481366,0
-3.07883,-0.379294,0
-1.25739,-1.93778,0
-1.67367,0.243704,0
-2.13629,0.994039,0
-2.6944,0.0398667,0
-1.01308,-0.129948,0
-2.00802,1.07185,0
-2.11208,0.143338,0
-1.45121,0.255251,0
-2.44905,0.582031,0
-2.08177,-0.294795,0
-2.20005,0.658682,0
-2.64603,-0.540807,0
-2.91591,-0.0684643,0
-2.30939,0.904636,0
-1.45723,0.345149,0
-1.7278,-0.33497,0
-1.13999,0.969766,0
-2.005,-0.540461,0
-2.2882,-1.52877,0
-2.07841,0.952033,0
-1.5488,-0.0735378,0
-0.949761,0.441006,0
-1.61416,0.480801,0
-1.94199,1.12777,0
-3.29147,-0.953589,0
-1.50625,-0.0414051,0
-1.05992,0.124352,0
-3.03944,1.16264,0
-1.77781,0.841551,0
-1.84614,-0.183181,0
-1.69511,-1.01661,0
-2.46275,1.38787,0
-1.79305,-0.25516,0
-1.83083,-1.05436,0
-3.26653,1.16219,0
-1.51978,0.73749,0
-2.02706,0.811531,0
-0.288704,1.10529,0
-1.92355,1.00486,0
-2.00825,0.314989,0
-2.65989,-0.628625,0
-1.92638,-0.892759,0
-1.83985,0.530934,0
-1.64344,-0.832435,0
-1.39834,-0.0858088,0
-1.80451,0.793309,0
-2.24093,-0.238502,0
-2.7412,1.12792,0
-3.40766,0.446851,0
-1.64159,-0.585988,0
-2.02961,-0.370614,0
-2.54239,-1.04668,0
-1.91074,0.966524,0
-1.34252,-0.250724,0
-1.87497,-0.399347,0
-1.98871,-0.302643,0
-3.42323,0.204091,0
-2.42143,0.206601,0
-0.796684,-1.3147,0
-2.23762,-0.304898,0
-3.15624,0.520266,0
-1.78116,-1.09901,0
-2.33857,0.699962,0
-2.04466,0.0741018,0
-2.6766,-0.0713336,0
-1.49016,0.511935,0
-2.25607,0.62766,0
-2.84833,0.297702,0
-2.47208,-1.0665,0
-1.74705,-1.21615,0
-2.09394,-0.718129,0
-1.81467,0.393163,0
-2.84087,0.823496,0
-1.909,-0.162599,0
-2.77606,-0.340367,0
-0.804888,-0.499333,0
-1.92171,-0.932919,0
-2.99089,0.0690616,0
-0.522165,0.343684,0
-1.92515,-1.40075,0
-1.38276,0.77413,0
-1.82173,-0.82496,0
-1.58659,-0.470609,0
-2.83685,-1.13838,0
-1.69004,-0.0822043,0
-2.06608,0.903421,0
-1.8738,-0.170981,0
-2.64384,-0.225849,0
-1.55476,-0.364002,0
-3.08985,-0.203064,0
-1.86396,-0.0690683,0
-1.06692,0.00525792,0
-2.7393,0.343591,0
-1.34396,1.63253,0
-1.8285,1.13659,0
-1.98639,-0.507044,0
-2.59281,0.562937,0
-0.967469,0.443196,0
-2.29365,-1.24022,0
-1.442,0.25668,0
-2.56376,1.0575,0
-2.0322,-0.0321795,0
-3.11394,-0.353705,0
-0.813657,1.01684,0
-1.59799,0.579085,0
-2.94894,0.55734,0
-2.48256,0.399831,0
-1.64714,-0.354693,0
-2.40273,-0.189415,0
-2.37949,-0.259878,0
-0.830037,0.625701,0
-2.07588,-0.614408,0
-2.16682,0.598123,0
-0.569017,-0.333543,0
-2.16967,-0.0191288,0
-2.20428,-0.338604,0
-1.22657,0.566967,0
-0.974196,0.75643,0
-2.00675,-1.13883,0
-1.53209,0.485062,0
-1.85525,-0.788413,0
-2.37423,0.624314,0
-2.43163,1.82622,0
-2.70275,-0.800229,0
-2.39254,0.0112528,0
-1.26743,1.36903,0
-2.26445,0.723682,0
-0.759899,-0.543217,0
-1.81858,-0.546696,0
-2.93211,0.622146,0
-2.77804,-0.644993,0
-1.68691,0.203839,0
-2.99191,0.142624,0
-3.26688,-0.257156,0
-1.92076,0.663348,0
-1.92575,-0.15199,0
-1.37876,1.94004,0
-1.16845,-0.612632,0
-1.64375,1.04737,0
-0.590551,1.05105,0
-1.81257,0.576877,0
-0.898271,0.503096,0
-2.83349,-0.529033,0
-2.10116,-0.370255,0
-2.52848,0.372175,0
-3.01701,-0.904809,0
-1.1313,-1.14764,0
-1.88005,0.717247,0
-1.24457,-1.05105,0
-1.76651,0.47381,0
-2.64104,1.35299,0
-2.69918,-0.373418,0
-1.89055,-0.411852,0
-2.32149,-1.06376,0
-1.93766,0.220333,0
-1.41192,-0.137854,0
-1.76975,-0.789335,0
-2.69313,-0.502953,0
-2.0515,0.0691959,0
-1.60198,0.328572,0
-2.17265,-0.730046,0
-3.29847,0.190923,0
-1.92499,-0.19716,0
-1.88147,0.235119,0
-1.03029,-0.727924,0
-2.64337,0.633106,0
-1.27696,0.0448957,0
-2.17919,-0.320572,0
-2.21709,-0.382082,0
-1.86359,-0.139636,0
-1.90938,-0.211082,0
-1.82829,-0.510536,0
-1.61083,0.00702398,0
-2.35043,-0.91893,0
-1.80331,0.126534,0
-0.678116,-0.201686,0
-1.26759,-0.229155,0
-0.464769,0.466024,0
-1.95329,0.92253,0
-2.84026,1.40456,0
-1.30626,-0.189926,0
-1.64444,0.475127,0
-1.72817,0.515707,0
-1.59319,0.226321,0
-2.18449,-1.31488,0
-3.48506,-0.130444,0
-4.25006,0.320415,0
-2.24855,0.250132,0
-2.37559,-0.997186,0
-2.84893,0.581156,0
-2.37711,-0.106638,0
-2.35536,0.956764,0
-1.57822,-0.70356,0
-3.8067,-0.541388,0
-2.18443,-0.568017,0
-1.89122,-1.0288,0
-1.87035,0.306238,0
-2.49775,-0.236797,0
-1.79593,0.55228,0
-2.94803,0.0733074,0
-1.53513,0.548158,0
-2.0765,-0.42117,0
-1.83525,0.878423,0
-1.22581,0.489213,0
-2.05978,-0.883781,0
-2.45684,-1.40036,0
-1.94608,0.418994,0
-2.40914,-0.0122757,0
-1.13238,0.56052,0
-1.41275,0.831222,0
-2.21277,-0.338011,0
-1.86636,0.221948,0
-1.83318,-0.167775,0
-1.25621,0.0923151,0
-1.93768,-1.27843,0
-2.16337,1.17811,0
-3.31849,0.0807417,0
-1.66141,0.896299,0
-2.28776,1.1578,0
-2.3095,-1.04256,0
-1.7937,0.927983,0
-3.47729,-0.0258428,0
-1.70892,-0.328446,0
-1.7458,0.218696,0
-2.33555,1.27617,0
-2.00543,0.377696,0
-2.60793,-0.675912,0
-1.67277,-0.228952,0
-2.18345,-0.772116,0
-1.6549,0.0290162,0
-3.12962,-1.06041,0
-1.29489,-0.29527,0
-0.779944,-0.215227,0
-2.22937,-0.121024,0
-0.464099,-0.309757,0
-2.57724,-0.0693812,0
-2.11464,0.483808,0
-2.25686,1.56154,0
-2.92085,0.567584,0
-2.51035,-0.0340336,0
-1.94737,0.301027,0
-1.79401,-0.0702516,0
-1.81182,0.0907191,0
-2.232,1.62169,0
-0.93588,0.00373667,0
-1.30408,0.650795,0
-1.009,-0.267713,0
-2.67818,0.866149,0
-1.78267,-1.21879,0
-2.14957,0.385349,0
-0.918082,0.169467,0
-1.24244,-1.82669,0
-2.42763,0.644207,0
-2.34151,-0.0112651,0
-2.51503,-0.154209,0
-1.96983,0.120327,0
-2.16179,0.635795,0
-1.991,0.810388,0
-1.47281,-1.39371,0
-1.60822,0.0597337,0
-1.59692,0.762783,0
-1.31994,-0.621724,0
-1.26585,-0.0237469,0
-2.70693,0.335034,0
-2.21904,-0.512175,0
-2.81681,1.16033,0
-1.94021,-0.13338,0
-2.15951,0.483405,0
-1.58422,-0.250473,0
-2.29273,-1.37125,0
-3.55267,-1.24725,0
-0.99597,0.417929,0
-2.83827,-0.441087,0
-3.01702,-0.972212,0
-1.87813,0.181219,0
-2.37803,0.459758,0
-2.28388,-0.585872,0
-2.08208,-0.0480177,0
-1.22778,-0.301469,0
-2.00393,-1.05534,0
-0.585786,0.756464,0
-2.51031,-0.570249,0
-0.755764,0.50484,0
-2.31558,0.430329,0
-2.01911,-0.657695,0
-1.40152,-1.71796,0
-2.94715,0.850934,0
-1.58498,-0.106771,0
-2.3627,-1.06393,0
-1.48311,-0.2017,0
-1.25696,0.838326,0
-3.09029,-0.415979,0
-1.63654,0.175905,0
-2.88903,0.0526704,0
-3.37147,0.193602,0
-2.66464,-0.242261,0
-1.18335,-0.0270672,0
-2.42309,0.383948,0
-1.6245,0.502967,0
-2.25605,-0.550569,0
-3.33649,0.0284375,0
-1.0457,-1.04259,0
-1.85056,-0.536936,0
-3.10139,-1.06836,0
-2.41594,-0.943424,0
-2.43746,0.70766,0
-1.4985,1.23925,0
-1.2475,0.743624,0
-1.64169,-0.523421,0
-2.16987,-0.272231,0
-1.78788,-0.438779,0
-1.95544,0.678992,0
-2.3631,-0.233896,0
-2.83618,0.173441,0
-2.39074,-0.116728,0
-1.05357,-0.10111,0
-1.50333,-0.322752,0
-0.724388,0.804034,0
-2.57311,0.408015,0
-0.958939,0.0560869,0
-1.83549,0.143408,0
-1.88044,-0.153355,0
-0.8434,0.790525,0
-2.26757,-0.698745,0
-2.69659,-0.00885931,0
-2.94511,1.09515,0
-1.55394,-0.17506,0
-2.53388,-0.01803,0
-2.55803,-0.027913,0
-1.91202,0.630655,0
-1.81449,-0.695311,0
-0.968039,-1.00803,0
-3.88706,-0.282275,0
-0.130122,-0.747224,0
-2.65302,-0.363532,0
-1.04364,-0.672778,0
-1.84115,0.477035,0
-2.36578,0.0673315,0
-1.95587,0.0779775,0
-2.15908,0.744803,0
-3.0338,-0.648496,0
-2.68188,0.196614,0
-2.24979,-0.098625,0
-2.03757,0.185715,0
-2.03495,0.099938,0
-0.686403,1.71312,0
-2.78042,1.39707,0
-2.27739,1.41912,0
-2.08438,0.528866,0
-0.294025,-0.64926,0
-1.1437,1.594,0
-2.44383,-0.95449,0
-0.119991,1.13089,0
-1.55957,-0.367387,0
-3.00252,-0.655367,0
-2.48783,0.94257,0
-2.35974,-1.16834,0
-1.87227,0.765489,0
-2.11043,1.51641,0
-2.08507,0.67211,0
-1.62019,-0.457694,0
-2.14115,0.558429,0
-2.12535,-0.223519,0
-1.71034,-0.484783,0
-2.02028,-1.31807,0
-3.03658,-0.510066,0
-1.91683,0.599318,0
-1.50115,-0.073013,0
-1.79267,-0.275907,0
-2.17718,-0.0929844,0
-0.820964,-0.371694,0
-0.531529,0.108503,0
-1.45866,-0.45883,0
-2.3751,-0.100764,0
-1.79281,-0.512494,0
-2.72434,0.358138,0
-0.869202,-0.721522,0
-2.70822,-0.00476856,0
-1.7845,-0.98192,0
-2.20298,-0.65446,0
-1.50244,0.683174,0
-2.64717,-0.865374,0
-2.03802,0.415092,0
-1.55266,-0.0963049,0
-2.2825,1.27221,0
-1.94127,0.721933,0
-1.72004,-0.462702,0
-1.58075,0.396521,0
-2.2723,0.637999,0
-1.23701,-0.691712,0
-1.12368,-0.120022,0
-1.48939,0.146826,0
-2.57442,-0.696964,0
-1.84391,0.185603,0
-2.73609,0.836992,0
-1.00508,-0.170026,0
-2.69015,0.0334955,0
-2.43495,-0.567922,0
-1.53782,1.07,0
-2.17864,-0.794108,0
-1.8615,-0.356895,0
-3.37256,-1.09922,0
-1.8363,0.122119,0
-2.51687,-0.601338,0
-0.191657,-0.526151,0
-2.65064,0.0249009,0
-1.7463,0.778384,0
-2.30628,-0.723959,0
-3.40796,0.0516295,0
-1.27018,-0.318617,0
-1.8564,-0.0666513,0
-1.48208,0.712333,0
-2.12525,1.39337,0
-2.13497,-0.23055,0
-2.45987,0.0496321,0
-2.02605,0.975256,0
-1.92694,-0.365476,0
-1.81141,1.3878,0
-1.04487,0.334513,0
-2.65136,0.232909,0
-2.11813,-0.230718,0
-2.63973,0.314991,0
-2.43869,-0.301495,0
-1.6949,0.747541,0
-1.33412,-0.354835,0
-1.49122,0.231284,0
-2.33799,-0.511659,0
-1.1107,0.515583,0
-2.75204,0.643979,0
-1.73854,0.428616,0
-3.24827,-0.927071,0
-1.4381,-0.893906,0
-2.91946,-0.357654,0
-2.03283,-0.46978,0
-2.41922,0.22191,0
-2.07063,-0.142593,0
-1.40232,-0.613452,0
-1.11188,-0.634804,0
-1.71195,0.797225,0
-2.76582,0.271335,0
-1.7286,-1.16343,0
-3.29837,-0.343764,0
-2.73821,0.131742,0
-2.26573,-0.246475,0
-2.39352,0.793472,0
-2.71905,-0.176259,0
-2.99983,0.26054,0
-1.47394,-0.442053,0
-1.98607,0.71451,0
-1.90096,1.34592,0
-2.19071,-0.788413,0
-2.69599,0.130794,0
-1.66577,-0.808307,0
-2.75086,0.0869708,0
-2.29804,0.290494,0
-1.89939,-1.45796,0
-1.70888,-1.84928,0
-1.1163,-1.30497,0
-2.58182,-0.115219,0
-0.555625,-0.371178,0
-1.45498,0.505992,0
-2.43313,-0.210949,0
-2.17527,-0.0589254,0
-0.913263,-0.595417,0
-1.80431,-0.20725,0
-1.24029,-0.216715,0
-1.934,0.925604,0
-1.46762,-0.620948,0
-1.5006,-0.414914,0
-2.10408,1.04889,0
-2.5828,0.0841775,0
-2.9085,0.441652,0
-1.25892,-0.220455,0
-1.74296,0.984687,0
-2.40376,0.270764,0
-2.7503,0.696678,0
-1.83454,0.492557,0
-2.87628,-0.880311,0
-2.33282,-0.489295,0
-3.34574,0.392006,0
-2.8139,0.0209986,0
-0.891616,-0.732102,0
-2.10474,-0.109643,0
-0.927801,-0.937438,0
-2.61485,-1.07463,0
-0.975611,0.793782,0
-3.29068,0.227886,0
-2.64929,-1.02086,0
-2.12667,0.869137,0
-2.29106,-0.552849,0
-1.30623,-0.392499,0
-2.48707,-0.40343,0
-2.60226,0.864208,0
-1.18105,0.0754279,0
-2.47924,1.38418,0
-1.57136,-0.794946,0
-1.68716,-1.39329,0
-1.16353,1.90273,0
-0.814981,0.573838,0
-0.932427,-1.32128,0
-2.04104,-1.4236,0
-2.21988,0.16186,0
-1.54527,-0.607179,0
-1.51822,-0.0422929,0
-3.22118,0.0957075,0
-0.901509,0.478743,0
-1.34527,0.519817,0
-1.93013,1.00923,0
-1.76701,1.30743,0
-2.17033,0.64158,0
-2.00687,-1.4388,0
-2.37697,0.506949,0
-0.602363,0.154061,0
-1.41991,-0.490948,0
-2.28788,-0.79277,0
-1.56336,0.344407,0
-1.21026,0.343622,0
-1.86459,-0.43657,0
-3.22249,0.633601,0
-2.79891,-0.262325,0
-0.726733,0.50959,0
-2.93392,0.721472,0
-2.33186,-0.442083,0
-1.41963,0.107188,0
-1.80485,0.893554,0
-2.42956,0.448587,0
-2.0609,-1.57642,0
-2.64962,0.12741,0
-1.82639,1.25379,0
-3.80691,-0.162897,0
-2.2556,0.399406,0
-2.70225,-1.06288,0
-2.49984,-0.577754,0
-1.52871,-1.17038,0
-2.30691,1.16806,0
-2.20667,0.301186,0
-1.27988,-0.0543105,0
-2.16092,0.0698202,0
-1.70396,-0.46469,0
-0.936738,0.028148,0
-3.21469,-0.378732,0
-2.85649,-0.176725,0
-2.35188,-0.78943,0
-1.19429,0.310082,0
-2.49713,1.3082,0
-1.03096,0.608407,0
-1.54647,1.0161,0
-2.65856,-0.0692,0
-1.97963,0.826783,0
-0.647197,0.734293,0
-2.24852,0.431941,0
-2.61291,-0.138081,0
-1.28143,0.55014,0
-1.87566,0.447809,0
-1.22227,-1.32602,0
-3.07186,0.699144,0
-2.12628,0.272573,0
-1.56731,0.909898,0
-2.00664,0.222997,0
-2.08751,0.482795,0
-0.406696,-0.918016,0
-1.56677,-0.344298,0
-1.34404,-0.654163,0
-3.0043,0.675382,0
-2.08561,0.128293,0
-1.99833,-0.0791566,0
-2.31981,0.317227,0
-1.45771,0.709449,0
-2.77573,0.786925,0
-2.26926,-0.531768,0
-2.61965,0.768259,0
-2.59133,0.21834,0
-2.46723,-0.143686,0
-1.1036,-0.611091,0
-1.70328,0.331129,0
-2.37704,0.429278,0
-3.61883,-1.02155,0
-1.68244,0.413306,0
-2.2454,-0.929668,0
-1.20212,0.524371,0
-1.81298,-1.09438,0
-1.18341,-0.269702,0
-2.16895,0.705791,0
-0.753699,-1.20431,0
-3.17429,0.731339,0
-1.28235,-0.80378,0
-2.62026,-0.692211,0
-2.00564,-0.100944,0
-3.3543,0.82297,0
-2.23563,0.242994,0
-1.52817,-0.437759,0
-1.1903,-0.0470994,0
-0.958448,-0.477255,0
-1.88472,0.25904,0
-1.61833,0.536942,0
-1.23907,-0.0110186,0
-2.54727,1.46038,0
-1.88996,-0.456104,0
-2.43181,0.0156201,0
-2.25403,1.07927,0
-1.80658,-1.06835,0
-1.90014,-0.85705,0
-2.55363,-0.666409,0
-1.68761,0.865198,0
-3.59483,-1.14166,0
-0.46596,0.408383,0
-1.24715,-0.933019,0
-2.72614,-0.583659,0
-3.15167,0.256825,0
-1.8302,0.0983849,0
-1.77597,-0.875568,0
-0.634298,-0.614799,0
-2.9104,1.01592,0
-2.04539,0.112281,0
-1.37581,-0.535886,0
-2.93724,-0.359721,0
-0.804295,0.390945,0
-2.10543,-0.791113,0
-1.61224,0.0967617,0
-1.56374,-0.263781,0
-1.39614,-0.0282898,0
-1.79507,-0.617564,0
-1.4773,0.0217282,0
-1.96104,0.313297,0
-3.31625,0.2884,0
-1.65948,-0.27796,0
-1.21581,-0.687554,0
-3.03454,0.87979,0
-1.71153,0.620709,0
-0.870562,-0.209744,0
-2.97955,-0.0316132,0
-2.42177,0.526225,0
-1.98674,-0.680387,0
-2.0915,0.364428,0
-0.346099,-0.602915,0
-2.27737,-1.42127,0
-1.58085,-0.279174,0
-1.85617,-0.791655,0
-1.49268,-0.372829,0
-2.80726,0.948706,0
-1.86632,-0.614352,0
-3.48006,-0.547554,0
-0.496931,0.53352,0
-1.70355,-0.482645,0
-1.78031,0.151708,0
-2.06145,0.554826,0
-1.28598,-1.057,0
-1.16351,-0.429799,0
-2.43714,0.0973195,0
-1.48226,0.377223,0
-2.11284,-0.388097,0
-2.82203,0.612746,0
-2.23375,0.88888,0
-1.78303,-0.0275204,0
-2.02531,0.925448,0
-0.533452,1.29189,0
-2.31707,-0.303277,0
-2.66676,-0.877187,0
-0.781141,0.797095,0
-1.33719,0.0881542,0
-2.45443,-0.457565,0
-2.80243,-1.4864,0
-1.50541,0.515427,0
-3.10548,-0.177808,0
-2.12465,-0.0834412,0
-1.95016,0.501416,0
-1.83366,-0.0172777,0
-1.28593,-0.48043,0
-0.810607,2.40976,0
-2.52651,-1.15929,0
-1.73562,-0.145062,0
-1.15743,0.981744,0
-1.15769,-0.235619,0
-2.24791,-0.777857,0
-1.57644,-0.022507,0
-2.86303,-0.270109,0
-0.614126,-0.651325,0
-2.49071,-0.409633,0
-2.45743,0.874211,0
-2.23718,-0.94877,0
-1.70491,0.137542,0
-2.55244,-0.707758,0
-1.67731,-0.751533,0
-3.2855,0.713148,0
-2.02126,0.584561,0
-2.30566,-0.188809,0
-3.37801,0.313198,0
-2.50303,0.366539,0
-3.32544,-0.222265,0
-2.79612,-0.297408,0
-2.90423,0.848401,0
-3.56554,0.380667,0
-1.72977,-0.2229,0
-1.04162,-1.49894,0
-2.01906,0.419575,0
-2.44378,0.541148,0
-3.70719,0.187315,0
-2.27126,0.0963749,0
-0.946452,-0.365025,0
-1.9639,0.190771,0
-2.2576,1.35487,0
-0.991444,-0.597031,0
-1.86829,-0.204625,0
-2.08973,-1.31602,0
-2.61475,0.62973,0
-0.695648,-0.742627,0
-2.44295,0.597945,0
-1.52663,-0.493174,0
-1.90694,0.788055,0
-2.16911,1.24219,0
-1.53882,-0.60308,0
-1.53565,-0.430774,0
-1.56908,0.281861,0
-0.941651,-0.0318301,0
-1.61799,0.994787,0
-1.35186,-0.501767,0
-2.87952,-0.564884,0
-2.13893,-0.614702,0
-2.47833,0.770201,0
-0.739096,1.46771,0
-0.940613,0.612187,0
-2.65711,-0.843972,0
-2.93888,-0.770018,0
-2.51732,0.389034,0
-2.81332,0.783122,0
-0.883803,0.512982,0
-2.09347,0.0254695,0
-1.85346,0.00776026,0
-1.18918,-0.299268,0
-1.6774,0.794772,0
-2.44772,-0.25486,0
-1.75883,-0.051024,0
-0.63069,0.0204718,0
-1.94607,0.40582,0
-2.60317,-0.505188,0
-1.54662,0.478826,0
-1.86505,0.174611,0
-3.86409,0.293312,0
-2.46363,0.456713,0
-1.92178,0.0979503,0
-2.0697,-0.812138,0
-1.49691,-0.929948,0
-2.72851,0.0285875,0
-1.8625,0.76866,0
-1.42994,-0.271395,0
-1.14918,0.254147,0
-0.753906,0.506084,0
-1.13144,1.42148,0
-1.78818,-0.738637,0
-2.78411,-0.858944,0
-1.67348,0.57352,0
-2.23777,-0.324055,0
-2.11572,1.08882,0
-2.26995,-0.517753,0
-1.81041,-0.424119,0
-2.94151,0.470178,0
-2.4335,0.34661,0
-3.24921,-0.430946,0
-1.92862,0.58129,0
-2.0389,-0.836877,0
-0.655785,-0.467997,0
-1.69698,-0.0866783,0
-3.57031,0.766369,0
-1.57641,-0.669656,0
-2.30624,-0.426662,0
-1.98592,0.251142,0
-2.43092,-0.214366,0
-3.98802,-0.008904,0
-2.09529,0.568306,0
-1.8286,-1.33291,0
-1.60106,-0.121601,0
-0.894712,1.5605,0
-2.13739,-0.394947,0
-1.0359,1.02317,0
-1.27302,-0.27272,0
-2.37985,0.177433,0
-1.43831,0.643462,0
-0.990581,0.0183275,0
-2.34992,0.520657,0
-1.54072,-0.511308,0
-2.42168,0.980244,0
-1.87747,0.424455,0
-2.52191,0.60606,0
-1.37373,0.00189691,0
-1.11552,-0.180087,0
-2.71748,0.140142,0
-1.54473,0.177927,0
-3.43299,1.09092,0
-2.35261,1.2812,0
-2.97988,-0.288096,0
-2.27838,1.0919,0
-1.34581,-0.102098,0
-0.305468,0.679947,0
-1.67945,-0.140945,0
-3.26539,-0.584023,0
-3.01188,1.84005,0
-1.06218,0.978859,0
-1.83061,0.183639,0
-1.76816,-0.978031,0
-0.671943,0.988696,0
-1.00684,-0.652202,0
-1.22727,-1.08467,0
-3.52194,0.570699,0
-2.21936,-0.0730002,0
-2.09907,-0.319183,0
-2.31251,-0.00880245,0
-2.21266,0.0385078,0
-2.41652,-0.545627,0
-1.87107,-0.549298,0
-2.44951,-0.984591,0
-2.24121,-0.329488,0
-1.22847,-0.302634,0
-2.19918,-0.250142,0
-2.88837,-1.45228,0
-1.75363,-0.439823,0
-2.22631,0.0742081,0
-2.36887,0.315494,0
-1.1413,-0.432525,0
-1.06871,0.837706,0
-2.21662,0.346218,0
-1.72465,0.0566918,0
-1.21528,-1.12589,0
-1.66247,-1.04897,0
-1.9179,-0.488177,0
-1.62368,0.698157,0
-1.45359,0.0777583,0
-1.78009,-1.26621,0
-2.2009,-0.262086,0
-2.55379,0.754791,0
-2.46871,-0.479168,0
-1.41169,-0.178911,0
-2.85537,-0.912912,0
-1.96829,1.35041,0
-3.20943,0.309714,0
-3.80844,-1.01284,0
-1.4467,-0.494673,0
-3.04761,-0.327256,0
-2.13798,-0.435783,0
-1.47658,0.462597,0
-1.47602,0.533411,0
-2.72187,-0.734812,0
-2.19607,0.450021,0
-1.56572,0.050595,0
-2.02189,-1.07751,0
-0.936949,0.840904,0
-1.79018,0.0794497,0
-1.76258,0.120002,0
-2.158,0.505169,0
-1.56855,-0.0841443,0
-0.74791,-0.446514,0
-1.12541,-0.226017,0
-2.37001,-0.685421,0
-1.93655,-0.726144,0
-2.15765,-0.71698,0
-2.82822,0.528481,0
-2.53872,0.0853027,0
-3.09521,-1.48349,0
-2.42193,0.666047,0
-1.71684,-1.05814,0
-2.52043,0.0163629,0
-1.79797,-0.554196,0
-2.70673,0.45661,0
-1.86818,0.10753,0
-0.673039,-0.850134,0
-1.65415,0.539432,0
-0.787055,0.810076,0
-1.51707,0.182698,0
-1.42663,-0.913131,0
-1.71137,-1.1573,0
-1.93405,-0.50998,0
-2.41584,-1.18497,0
-2.43924,0.697797,0
-3.84056,0.892875,0
-2.87997,0.695996,0
-2.34323,0.163372,0
-2.71963,0.923962,0
-1.78211,1.39695,0
-2.53476,0.696931,0
-1.25568,-0.259528,0
-3.4144,-0.137004,0
-2.56861,-0.427843,0
-2.5307,-0.340615,0
-2.99811,-0.205095,0
-2.49492,1.19039,0
-1.52053,-0.223833,0
-2.0113,-0.377305,0
-3.31187,0.870267,0
-2.62915,0.147084,0
-1.5552,1.08416,0
-2.44155,-1.04425,0
-2.34304,0.365549,0
-1.52215,0.812268,0
-2.04741,0.793192,0
-1.8109,0.116673,0
-1.43286,0.264616,0
-3.40297,0.499929,0
-2.20127,0.739806,0
-1.88219,-0.0783363,0
-1.84427,0.055303,0
-1.56578,0.436329,0
-1.32269,-1.07175,0
-1.4841,0.682336,0
-1.69808,-0.371983,0
-2.88528,-0.0442589,0
-1.87053,0.776418,0
-1.31251,0.0350421,0
-2.18399,-0.293771,0
-2.43353,-0.388304,0
-2.33067,-0.691385,0
-2.12357,-0.368889,0
-1.40635,1.09045,0
-2.73927,0.640837,0
-1.51178,-0.0631557,0
-2.11875,0.146013,0
-2.16053,-0.953563,0
-1.0281,1.23533,0
-3.2474,0.158174,0
-1.7656,-0.342072,0
-3.05952,0.727352,0
-2.71747,1.51365,0
-1.64386,-0.100723,0
-2.70126,0.203604,0
-2.67483,-0.452312,0
-1.07555,0.486105,0
-3.12066,0.541733,0
-3.38845,0.199206,0
-1.93649,-0.442771,0
-2.57415,-1.22285,0
-1.98071,0.0804029,0
-1.99937,0.486199,0
2.39578,0.610945,1
1.85126,-0.41061,1
1.54738,-0.455222,1
1.80433,0.181353,1
1.68104,-0.899576,1
2.08358,-0.0553601,1
1.43068,-0.462586,1
1.42972,0.923604,1
2.76838,0.0575408,1
2.13171,-0.4865,1
1.50921,1.1135,1
2.55389,0.141232,1
2.00779,-1.02423,1
1.44283,-0.44078,1
1.85812,1.186,1
2.08584,-0.865186,1
2.97952,0.768125,1
3.37321,-0.681207,1
2.09672,-0.0886997,1
1.24882,0.0855361,1
1.98394,0.766756,1
1.40323,-0.558294,1
0.849498,-0.644419,1
3.29402,0.51809,1
2.1238,1.24709,1
1.24865,-0.457655,1
2.64011,-0.221463,1
1.73965,0.555945,1
1.81294,0.488627,1
0.777798,-1.12949,1
2.0235,-0.918804,1
2.39054,0.571409,1
2.14638,0.237085,1
0.673005,0.51933,1
1.29038,0.47607,1
1.98318,-0.499596,1
2.184,0.810994,1
1.48695,0.0939899,1
3.23528,0.566482,1
0.803993,0.147249,1
2.74258,0.228117,1
2.28072,-0.786501,1
3.0331,0.79706,1
2.43451,-0.334551,1
1.58358,0.959952,1
2.11325,-0.133688,1
1.73939,-0.200903,1
3.03,-1.27207,1
1.87302,0.73599,1
0.835641,0.278256,1
0.936905,-0.70221,1
1.8747,-0.116796,1
3.03628,-0.0744826,1
1.24471,-0.388109,1
1.41675,-0.483723,1
2.69437,0.212241,1
2.38965,-1.01386,1
1.44314,-0.496674,1
2.02069,0.178677,1
1.64746,-0.537866,1
1.94351,0.432627,1
1.9944,-0.167943,1
2.20005,1.28977,1
2.59356,-0.435692,1
2.7157,0.400825,1
2.04639,-0.308412,1
2.61681,0.060716,1
3.1204,-0.551588,1
2.18066,0.446846,1
1.81394,-1.56587,1
1.33633,-0.483152,1
1.86849,0.138142,1
2.50249,-0.493188,1
1.75984,-0.335861,1
1.96144,0.390236,1
3.27319,-0.526714,1
2.652,0.0569905,1
0.412317,-1.06988,1
2.37307,0.620526,1
3.12428,-0.336886,1
1.84396,0.0957452,1
0.116556,1.04333,1
3.05383,0.034696,1
1.70968,0.627286,1
2.64977,0.0503739,1
2.35976,-0.0849856,1
2.52808,0.292787,1
2.72964,-0.220175,1
1.64852,-0.144543,1
0.998188,-0.94749,1
2.12952,-0.0218094,1
2.49677,-0.204446,1
2.26889,-0.130288,1
3.63478,-0.716304,1
2.00665,-0.437716,1
3.22777,-0.366348,1
2.08923,0.699756,1
2.37379,-0.0585022,1
1.25655,0.112145,1
1.83085,0.605627,1
1.804,0.939896,1
1.46048,1.08176,1
1.56399,0.119919,1
3.11257,0.499486,1
2.30449,-0.854675,1
2.23063,-0.675528,1
1.83676,-0.268278,1
0.969578,0.527295,1
1.4981,0.128935,1
1.65781,0.451809,1
3.15152,-1.56761,1
3.21568,0.205883,1
2.06964,-0.567955,1
1.52272,-0.655908,1
3.39498,-0.278264,1
2.72007,-0.00441092,1
1.41615,0.0463597,1
2.8297,0.799854,1
3.31803,-1.12336,1
2.397,1.38129,1
2.08261,0.0668129,1
2.04497,0.787107,1
2.48485,0.501153,1
2.26954,-0.39652,1
2.11489,0.00863572,1
1.54849,0.392541,1
1.4811,0.60267,1
1.94432,0.543812,1
3.04232,-0.340615,1
1.36579,0.834866,1
2.50223,-0.314486,1
1.97623,1.5123,1
1.91907,-0.39366,1
2.37872,0.114087,1
2.01467,-0.754171,1
1.7904,-0.0848903,1
1.7033,-0.615287,1
1.48127,0.663029,1
2.76008,0.324344,1
0.356954,0.273539,1
1.42899,-0.863397,1
1.6265,0.187882,1
3.05964,0.719494,1
1.78575,-0.935367,1
2.03109,0.0444816,1
2.1105,-1.25842,1
1.98789,0.184516,1
2.49621,0.228858,1
1.22653,1.03513,1
2.83245,0.851483,1
1.94222,-1.07872,1
1.25494,-1.0244,1
2.15598,0.329018,1
2.86211,-0.0625338,1
2.14147,0.131542,1
1.72447,-0.146532,1
1.52007,1.09787,1
1.29041,0.294719,1
1.25813,0.917477,1
2.60425,1.06151,1
1.694,0.359008,1
2.18271,-0.204274,1
2.25252,-0.102548,1
2.20375,-0.613234,1
2.59601,0.766056,1
2.07148,0.313335,1
2.38138,0.639799,1
1.85363,-0.167698,1
2.99193,-1.38853,1
0.594894,0.97943,1
2.71146,-1.47775,1
1.26311,-0.901456,1
2.89935,-0.219375,1
1.14245,0.206786,1
2.08709,0.247279,1
2.06612,-0.0972108,1
1.08671,-0.876402,1
1.90327,0.0842675,1
2.83471,0.739988,1
2.5634,-0.888749,1
1.97147,1.74266,1
2.7197,-0.0553946,1
2.85908,0.0299383,1
1.92802,-1.04161,1
2.79921,-0.369287,1
2.63461,-0.475985,1
3.09313,0.819894,1
1.24114,-0.164034,1
0.995122,0.346651,1
0.761911,0.205546,1
2.39061,0.152238,1
3.36143,0.246299,1
1.45919,2.07372,1
2.47571,1.60886,1
1.53454,0.0496595,1
2.74126,-1.62961,1
1.82339,-0.107284,1
3.60712,1.27144,1
1.8729,-1.13999,1
2.86861,0.936581,1
1.62531,0.354823,1
2.06704,-0.273134,1
1.55672,-0.714098,1
0.95259,1.54244,1
1.73787,-0.430618,1
1.79566,-0.48803,1
2.09523,-1.55071,1
1.95846,-0.508313,1
0.705746,0.0702754,1
2.71211,0.927284,1
0.573726,-0.350996,1
0.964971,0.0532,1
1.78173,1.19952,1
2.02199,-0.410308,1
0.635293,0.88824,1
1.80891,0.851238,1
2.14723,0.0436976,1
2.28601,-0.357819,1
3.37098,-1.54298,1
2.06038,-0.135773,1
2.42844,0.015356,1
2.5066,-0.24153,1
2.52322,0.562272,1
2.07325,-0.0512466,1
3.65068,1.94306,1
1.27608,0.0116582,1
1.85419,-0.618781,1
1.34712,0.418869,1
2.29028,-0.247206,1
1.63123,-1.92517,1
1.55795,-0.211162,1
1.68096,0.121624,1
1.58421,0.808697,1
1.29528,-1.00496,1
1.67564,0.574121,1
1.24714,-0.413612,1
2.37661,0.615779,1
1.59949,0.00832958,1
1.70193,-0.314262,1
3.00949,0.399669,1
3.0241,0.971417,1
2.66928,0.390728,1
2.51075,0.0720164,1
2.29097,0.376571,1
2.01325,0.312944,1
1.83115,-0.304605,1
1.46788,1.02844,1
2.96223,-0.361171,1
1.8541,-0.758671,1
2.39766,-0.907731,1
2.79569,-0.356164,1
1.99823,-0.267354,1
1.42864,0.315706,1
1.20351,-0.103438,1
2.81124,-0.438352,1
1.72728,0.572731,1
2.06697,0.274472,1
2.81404,-0.096278,1
2.74378,-0.931549,1
2.96266,0.365025,1
2.69997,-0.178074,1
1.80398,0.577723,1
1.6637,-0.171901,1
1.91561,-0.0956891,1
2.01984,-0.228463,1
1.95769,-0.901325,1
2.15222,-0.56451,1
2.1785,0.3409,1
2.8006,0.599692,1
1.47673,0.0997702,1
1.89859,0.39632,1
1.90673,0.022791,1
2.61813,1.02516,1
2.21797,-0.224835,1
1.57656,-0.230633,1
2.42312,0.113467,1
1.67259,0.392047,1
2.54984,-0.354787,1
1.26523,-0.0907263,1
2.61427,-0.412089,1
0.827468,0.408165,1
2.09053,0.55923,1
1.04473,0.209618,1
1.86328,-1.24364,1
1.15595,1.03747,1
1.97225,-0.82181,1
2.02865,0.733696,1
2.01083,-0.622524,1
3.09511,0.468589,1
2.3336,0.549139,1
2.81912,0.900264,1
2.377,0.159328,1
2.42996,0.943149,1
0.855803,-0.508251,1
2.95711,-1.19963,1
1.95426,0.324555,1
2.62048,-0.775205,1
1.65194,-0.0950489,1
1.30061,-0.340979,1
1.62654,1.81985,1
1.59472,-0.731121,1
1.16293,-0.184942,1
3.00161,0.437,1
0.919001,-0.654745,1
0.423167,0.176273,1
1.34223,-1.16377,1
1.58268,1.12543,1
3.24854,0.325779,1
2.80196,-0.109366,1
2.02325,0.193616,1
2.25816,-0.250707,1
0.970231,-0.529722,1
3.19269,0.534844,1
2.42477,-0.211352,1
2.24228,-0.45988,1
1.36803,0.421665,1
3.46977,-0.516258,1
2.00394,0.0645971,1
2.42899,-0.186195,1
1.25851,0.464309,1
1.75728,0.456651,1
2.53925,-1.04165,1
2.32467,0.462918,1
0.866777,0.577452,1
2.80814,-0.628278,1
2.07713,-0.353326,1
1.51814,0.192428,1
2.98506,-0.525793,1
2.69024,0.0776329,1
1.56667,-0.694402,1
1.73819,-0.401992,1
1.73848,-1.29001,1
0.82403,0.579158,1
3.27764,-0.163698,1
2.57303,-0.122164,1
2.04256,1.0734,1
3.001,-0.368128,1
2.67638,-0.57852,1
2.36331,-0.444318,1
2.42894,0.140566,1
1.52278,1.55618,1
1.07151,-0.850423,1
2.5301,0.411497,1
1.43651,0.542128,1
0.578784,-0.193719,1
2.54028,-0.2532,1
2.03089,0.201788,1
2.67876,-0.628722,1
1.21243,-0.918019,1
1.17926,0.411585,1
1.51712,0.483794,1
2.30503,0.37962,1
2.28581,0.1982,1
2.55575,1.2273,1
2.48199,0.139181,1
2.02445,-0.208257,1
1.27814,-0.0193218,1
1.44635,1.0869,1
1.45397,-0.299473,1
2.48101,-0.934132,1
0.749869,-0.763477,1
1.90023,0.00891657,1
2.57861,0.732015,1
1.3049,0.856879,1
1.85323,-1.14456,1
2.4578,-0.0920346,1
2.06879,0.349341,1
2.37161,-1.67138,1
2.05615,0.54835,1
2.24301,-0.221512,1
1.45314,-0.547422,1
2.74458,0.0137058,1
1.75424,-0.735524,1
2.79639,0.999019,1
2.58996,0.34468,1
1.49877,-0.49502,1
2.4354,-1.21938,1
1.7933,0.547048,1
3.23567,1.14912,1
1.74588,-0.409655,1
3.0179,-0.298927,1
2.19048,-0.318158,1
2.09314,-0.177507,1
1.0755,0.190866,1
1.57463,-0.391905,1
2.04706,-0.545911,1
1.7845,-0.557023,1
3.51236,-0.998205,1
1.71949,-0.298201,1
1.48842,-0.0768995,1
2.06087,-0.77881,1
2.1588,-1.51892,1
1.02613,-1.88862,1
2.21046,0.155719,1
1.30493,0.976433,1
0.885483,0.13965,1
1.78807,0.0500741,1
3.56234,-0.864055,1
1.64874,0.422535,1
2.82318,0.82234,1
1.23248,-0.266022,1
2.30702,-0.105436,1
1.96393,-0.636785,1
2.58971,-0.691841,1
2.585,1.03535,1
2.05066,0.647002,1
1.0581,1.54713,1
2.10061,-0.027529,1
2.47012,0.216304,1
1.1173,-0.304558,1
3.30282,0.57041,1
2.33115,0.121291,1
1.43535,-1.08305,1
2.13038,1.47671,1
3.94151,0.215113,1
2.54241,0.121161,1
1.30378,-0.585725,1
2.60215,0.661265,1
1.68262,-0.583622,1
3.84328,-1.42317,1
3.40205,0.254748,1
1.60721,0.375758,1
0.886624,0.240613,1
2.16242,-0.404638,1
1.52575,0.265766,1
2.81197,0.724791,1
3.53988,0.0360498,1
2.41946,0.398852,1
2.35151,-0.111928,1
3.40901,-0.773965,1
2.81096,-0.392194,1
2.68025,-0.363441,1
2.06767,0.458079,1
0.292776,0.0977676,1
2.9496,0.022568,1
0.937065,-0.844429,1
2.75468,-1.05531,1
1.73404,-1.04008,1
1.66113,0.197249,1
1.32289,-0.0325351,1
1.0063,0.366015,1
2.99829,-0.615075,1
1.31266,-0.733228,1
3.3908,-0.173831,1
3.27213,-0.242533,1
2.35924,0.6437,1
2.16324,0.236415,1
2.03876,0.803439,1
2.76762,0.738444,1
2.73608,0.0544213,1
1.88946,0.214074,1
2.20655,0.749203,1
2.52576,0.0316929,1
1.57815,0.302958,1
1.83237,0.578337,1
1.70031,-0.135975,1
2.49257,0.0837409,1
1.95877,0.0992709,1
2.20957,-1.03796,1
1.67692,0.0554239,1
1.46062,0.197918,1
2.66852,0.844977,1
0.973324,0.531808,1
1.69813,1.99052,1
3.12685,0.917212,1
1.76778,1.65215,1
1.82229,-0.503171,1
2.62421,-0.439743,1
3.03673,-0.120008,1
0.944073,1.05111,1
1.83446,-0.578825,1
1.67741,-0.298035,1
2.6837,-0.645123,1
1.88359,0.535917,1
2.62301,0.456704,1
1.95392,-0.539219,1
1.62643,-0.564415,1
2.13438,0.532832,1
2.53448,-1.80277,1
2.09625,0.752586,1
1.82624,0.801846,1
1.93602,0.294636,1
0.674928,0.293649,1
2.29633,-0.162322,1
3.79739,0.28433,1
2.13213,0.180458,1
1.93661,0.436922,1
0.848098,-0.941376,1
1.17122,-0.0303203,1
1.95714,1.00575,1
2.57408,-1.62838,1
1.46626,-0.500942,1
1.33762,-0.567179,1
0.33835,-0.285931,1
2.40744,-0.303098,1
2.48948,0.425316,1
2.78348,0.465673,1
2.03631,0.526832,1
2.35232,0.225897,1
1.58643,-0.0423992,1
1.70627,-0.280329,1
1.82286,-1.09075,1
2.18329,0.256912,1
1.66336,1.54892,1
2.43703,-0.000162788,1
2.22237,0.147263,1
2.35794,0.34192,1
1.6494,0.545551,1
2.17738,0.472863,1
1.54657,-0.0178347,1
2.70941,0.371588,1
1.84896,-0.365032,1
1.24555,0.400584,1
4.02596,0.60558,1
2.35051,-0.911577,1
1.61155,-1.05125,1
2.42964,1.19032,1
2.40997,-0.334714,1
1.09351,-0.758858,1
2.63844,-1.47372,1
2.23002,1.08567,1
1.58232,-0.685504,1
1.98454,-0.580631,1
1.59245,-0.571126,1
1.52786,1.13961,1
1.98094,-0.0393296,1
0.699006,0.374941,1
3.11951,0.0177219,1
2.71079,-0.326297,1
3.00216,0.131658,1
2.03665,-0.497645,1
2.77561,-0.510985,1
1.69538,-0.496088,1
2.7782,0.0523904,1
1.2799,-0.487512,1
1.87541,-0.272729,1
2.10033,-0.743181,1
1.34697,-1.18463,1
2.49636,1.35705,1
-0.0933728,-0.803932,1
1.96683,-0.430512,1
2.55586,0.145504,1
2.16242,0.550791,1
1.89635,-0.287419,1
2.70987,-0.324378,1
3.08097,0.336604,1
1.78275,-0.407256,1
2.83765,-1.53195,1
1.61306,0.105684,1
2.80579,-0.96554,1
1.4824,-1.33364,1
2.27644,0.56928,1
1.35644,-0.75554,1
1.64189,-0.237704,1
2.17945,-0.0533917,1
1.35124,-1.09838,1
2.17801,-1.25211,1
1.99092,0.315946,1
2.23384,0.333967,1
2.22737,-0.114521,1
2.30636,0.357944,1
0.621446,0.793538,1
2.49427,-0.583564,1
1.66131,-0.631704,1
1.16955,1.08392,1
2.05172,0.232422,1
1.76249,-0.250113,1
2.2835,-0.354658,1
2.746,-1.04329,1
1.09741,0.358023,1
1.85067,-0.259971,1
1.25758,-0.0910719,1
4.02691,1.19459,1
1.82068,-0.401997,1
1.25777,0.544144,1
2.94368,0.0501024,1
0.951989,-0.75311,1
1.95993,0.210738,1
2.13941,0.804964,1
0.921784,-0.9851,1
2.50743,-1.24711,1
1.58733,0.0775012,1
3.49763,-0.779524,1
1.90297,-0.849319,1
2.12546,0.370283,1
1.92603,-0.325222,1
1.9696,1.54179,1
1.1897,1.50649,1
1.54928,0.285178,1
2.60844,0.662948,1
1.30535,1.94464,1
2.8608,-0.172619,1
2.41332,0.436099,1
1.72798,-0.579429,1
2.16095,-1.26082,1
2.08541,0.0587448,1
1.767,0.477533,1
2.62913,1.26258,1
2.26511,-0.0218587,1
2.93927,-0.373193,1
2.11339,-0.0353365,1
3.13242,0.703932,1
2.33178,-0.71537,1
1.99602,0.18917,1
0.54356,0.0089165,1
1.57072,0.0139396,1
2.67449,-0.990698,1
2.08042,-0.487927,1
1.88088,-0.361485,1
2.18871,0.0861236,1
2.48529,0.746789,1
2.03769,0.169798,1
2.04713,-0.0460924,1
1.97512,1.39796,1
2.71151,-0.804756,1
3.1959,-0.0614613,1
3.3386,-1.24737,1
2.24803,-0.04125,1
1.73873,-0.114853,1
0.721847,0.439125,1
2.42574,0.662301,1
2.06782,0.817963,1
2.08924,0.414962,1
1.65152,0.149046,1
1.39602,0.805793,1
0.297349,-0.439592,1
2.03067,-0.112375,1
4.04025,0.72704,1
1.50954,0.044013,1
2.26507,0.586173,1
2.7293,0.27313,1
1.97964,-0.611539,1
1.87092,-0.200492,1
1.81047,0.691232,1
3.09055,-0.495082,1
1.95651,-0.684073,1
1.75879,-0.442566,1
1.84119,0.502978,1
2.165,-1.80223,1
1.04446,-0.111882,1
2.40133,0.563572,1
1.70374,-0.193613,1
3.12552,0.142827,1
1.60444,0.0682175,1
1.65357,-1.82197,1
2.16335,-0.677153,1
0.998471,-0.274298,1
2.8094,-0.717323,1
3.13462,-0.583468,1
1.42349,0.30899,1
1.86079,0.390562,1
1.61993,-1.1972,1
2.31233,-0.493059,1
2.87575,0.0264121,1
1.21006,0.54081,1
1.98602,0.780041,1
2.69859,-0.337834,1
2.5636,0.126326,1
2.74254,-0.666101,1
1.92048,-1.04507,1
2.50822,-0.461533,1
1.41308,-0.686122,1
1.51775,0.355979,1
1.05875,0.0482051,1
2.51652,0.705423,1
2.29763,-0.151043,1
1.70323,-0.232882,1
2.22979,0.0373225,1
2.6257,-0.526485,1
1.4812,0.87413,1
1.56154,-0.119196,1
1.55819,-1.13194,1
2.18695,1.12712,1
1.63033,-0.766655,1
2.5803,0.416995,1
0.903115,-0.985578,1
2.04515,-0.598411,1
2.79845,1.31527,1
2.91729,0.351007,1
2.87037,-0.103619,1
3.66036,-0.71005,1
2.56714,0.368993,1
1.99742,-0.989657,1
3.34107,1.28114,1
2.01019,-0.0402924,1
2.62915,0.937713,1
2.70358,-0.313476,1
2.62879,-0.0227455,1
1.32852,-0.570672,1
3.42374,-0.350546,1
1.26544,-0.00851326,1
2.23114,0.628682,1
1.98767,0.541465,1
0.861239,-0.915647,1
2.34776,0.275522,1
2.19321,0.286444,1
1.75898,-0.52855,1
1.33782,0.67551,1
3.18011,0.433954,1
2.42516,-0.46438,1
2.76672,1.32097,1
1.4425,0.288757,1
2.78526,0.404285,1
2.14732,0.439701,1
2.34623,-1.48516,1
1.71075,0.898647,1
2.24622,-0.271236,1
2.44138,1.68923,1
2.5724,1.9629,1
1.35872,0.260674,1
1.35125,-0.192573,1
0.664303,-0.17393,1
2.00357,-0.457974,1
2.58363,-1.30675,1
1.94878,0.538922,1
2.83435,-0.882693,1
2.07215,0.945634,1
2.39506,0.131399,1
2.577,0.342634,1
1.25338,0.370016,1
2.23222,-0.185359,1
1.93811,0.754338,1
2.31034,-0.0542202,1
2.10438,0.462798,1
1.71535,-0.451994,1
2.55522,0.390646,1
2.09081,-0.667787,1
1.43722,-0.0920474,1
0.669738,2.23745,1
0.961492,0.0504005,1
1.82766,-0.0793313,1
1.7795,0.594584,1
1.07479,-0.138987,1
1.69948,-0.305483,1
2.80898,1.84533,1
2.22024,-0.347316,1
2.3781,-0.61224,1
2.13458,-0.496776,1
1.32442,-0.416032,1
1.54338,-0.781813,1
3.35119,0.671973,1
2.82951,-0.239218,1
0.545187,-0.486094,1
0.946151,-0.201327,1
1.38903,0.174799,1
2.32375,-1.12797,1
2.04182,-0.0159566,1
2.20717,-1.16252,1
0.960203,0.673795,1
2.10611,0.210556,1
2.65493,0.512559,1
1.90997,-0.529878,1
2.0795,0.84711,1
0.518613,-0.193264,1
1.97417,0.155779,1
0.873515,-0.16085,1
0.369792,0.907287,1
2.85093,-0.95732,1
1.68921,0.807014,1
1.25436,0.129308,1
2.58114,0.000828814,1
3.14303,-0.379675,1
1.51111,0.383188,1
2.33655,0.0989059,1
1.87022,-0.253402,1
2.14109,-1.03859,1
0.548199,0.169373,1
1.88751,0.365035,1
1.58596,-0.377385,1
1.92746,-0.697019,1
2.64443,0.0424295,1
1.30378,-0.304802,1
2.52974,-0.0675548,1
2.87751,-0.344278,1
1.7048,0.0548203,1
1.80247,-0.600389,1
2.24604,-0.224146,1
0.885895,-0.144462,1
1.9422,-0.60702,1
2.34224,-0.53611,1
0.909562,-0.911808,1
1.81992,-0.443125,1
3.52407,-1.52069,1
2.55181,0.0853968,1
1.46268,0.672446,1
1.95996,-0.56304,1
3.28674,0.588308,1
1.64358,0.354679,1
1.20995,0.272321,1
0.172321,0.789464,1
2.08239,0.279596,1
1.29433,-1.37679,1
1.634,0.888844,1
1.49418,-0.337391,1
2.66239,-0.208258,1
2.39187,-0.418698,1
1.94716,-0.580959,1
1.84899,0.363259,1
1.66145,0.186143,1
2.16859,-0.774995,1
2.94459,1.35385,1
3.6725,-0.696813,1
1.94562,-0.540773,1
1.45698,-0.724454,1
3.345,0.872467,1
1.55018,-0.148288,1
1.55106,-0.0123561,1
2.37644,0.982937,1
1.56537,-0.334642,1
1.28099,0.835528,1
2.57533,-0.048539,1
1.44742,-0.594112,1
2.99514,0.200281,1
2.51425,-0.790259,1
1.96955,0.0243325,1
1.81811,0.732456,1
2.12674,-0.879951,1
1.71345,0.139942,1
1.91531,0.201317,1
1.44747,-0.973668,1
2.82926,-0.344163,1
2.76669,0.319909,1
1.48287,0.209227,1
2.80222,0.872568,1
0.905878,0.386055,1
2.98855,0.0159209,1
2.39191,-0.404923,1
2.01563,-0.0200809,1
2.26176,-1.12865,1
3.04638,0.690819,1
1.93802,-0.687306,1
1.35522,-0.346096,1
0.943917,0.691178,1
0.933928,-0.372075,1
2.16033,-1.7711,1
2.01681,0.759607,1
1.51215,0.338029,1
1.37582,-0.464908,1
3.8521,0.152689,1
1.93156,-0.196338,1
0.941805,-0.343224,1
1.52888,-0.769388,1
2.28889,0.22769,1
0.820902,0.126168,1
1.79403,-0.556948,1
3.00569,-0.19018,1
3.10025,-0.448443,1
2.40648,-0.209262,1
2.38087,-0.465325,1
1.73315,0.442344,1
1.77517,1.15414,1
3.14979,0.312873,1
1.44356,-0.390842,1
2.90641,0.464034,1
3.22738,-0.963599,1
1.02139,1.11221,1
2.23322,0.0849784,1
1.92741,0.223818,1
2.31786,0.337149,1
2.0539,-0.0858359,1
2.6856,-1.0787,1
2.1256,-0.261983,1
1.09623,-0.0967068,1
1.80214,-0.148654,1
0.962713,0.775357,1
2.31491,0.329846,1
1.26106,-0.675991,1
2.06301,-0.342999,1
2.97103,-0.268657,1
1.67226,-0.30452,1
1.38255,0.517419,1
2.49143,-0.00483262,1
2.80856,0.0444803,1
2.63082,-0.358775,1
2.65251,-1.16893,1
2.57411,0.883496,1
1.93203,-0.796501,1
2.21577,-0.519501,1
3.09442,-0.426784,1
3.14135,-0.755229,1
1.26794,-0.566542,1
2.58825,-0.559437,1
1.75337,0.401481,1
3.23046,-0.894263,1
2.74362,-0.913398,1
1.53519,0.738508,1
2.13635,0.135557,1
2.67519,0.4635,1
1.79385,-0.276217,1
0.742553,-1.52944,1
2.01444,0.318877,1
1.63119,-0.82002,1
2.37235,0.237951,1
2.755,-0.220913,1
2.47942,0.363279,1
2.41414,0.925287,1
2.01373,-0.0261947,1
1.40024,-0.593045,1
2.92255,1.66584,1
1.41072,0.11296,1
2.50868,-0.382816,1
3.20538,-0.264353,1
2.58209,-0.933358,1
2.29505,-0.516084,1
2.67328,-0.550269,1
1.12435,0.153038,1
3.19307,0.11758,1
3.22987,0.132272,1
2.52364,-0.20643,1
0.712782,-0.45062,1
2.10453,0.734891,1
1.82831,0.26103,1
1.45802,-0.580962,1
1.0489,1.03011,1
2.69855,-1.13286,1
0.778195,-0.121388,1
2.64791,0.800764,1
2.06829,-0.56745,1
1.91967,-0.178697,1
2.51912,1.21139,1
3.34727,0.90437,1
1.63805,-0.45259,1
1.10308,0.392453,1
1.0454,-0.582523,1
2.93317,0.724278,1
1.41723,0.226661,1
1.86027,0.625407,1
1.46763,-0.251894,1
3.20313,-1.02053,1
1.87132,-0.135075,1
2.44759,-0.505608,1
0.910987,-0.506952,1
2.64359,-0.447873,1
0.824216,0.0255787,1
1.65596,-0.201312,1
1.70797,-0.038725,1
1.95278,-0.149731,1
1.02473,0.0105936,1
0.831477,0.88046,1
1.8775,0.627266,1
1.31009,0.622486,1
2.99561,-0.706655,1
2.4874,0.400977,1
2.2708,1.22685,1
3.19493,-0.020616,1
3.46701,-0.59849,1
2.29458,-0.493527,1
2.32516,-0.190605,1
1.42322,-0.226881,1
1.51572,0.594982,1
1.44975,-0.43248,1
2.07866,0.975688,1
2.09127,0.857606,1
2.52135,-0.434867,1
2.22382,0.252035,1
2.29324,-0.0745177,1
2.19657,-0.342704,1
1.1705,-0.777009,1
1.31545,-0.613599,1
1.52881,0.382979,1
2.18685,0.176824,1
2.72211,-0.38106,1
2.81244,-0.476179,1
1.92899,0.250025,1
2.28152,-0.74908,1
2.84609,-0.0658774,1
0.791777,0.67897,1
1.83419,0.056151,1
1.74989,-0.742328,1
2.80855,-0.734356,1
1.85904,-0.799792,1
2.54777,0.990663,1
2.05382,0.0454635,1
1.49771,-0.0820312,1
2.43972,-0.382192,1
1.83326,1.34528,1
2.14143,0.417301,1
0.926046,0.19313,1
1.75529,0.447816,1
1.53946,-0.583602,1
2.47727,-0.767557,1
2.29993,-0.0578799,1
1.81049,0.192675,1
1.00146,0.195699,1
0.222783,-0.451106,1
1.99218,1.04303,1
1.71118,-0.227901,1
1.43955,-0.401106,1
3.01353,0.421535,1
1.05858,-0.424279,1
1.09471,0.433766,1
2.51879,0.414675,1
3.4713,0.0513011,1
2.36352,0.100598,1
1.75642,-1.07168,1
0.118839,-1.40538,1
2.13932,0.681164,1
2.17545,0.438927,1
1.9638,-0.259114,1
1.41317,-0.781588,1
-0.286073,1.09914,2
0.652417,2.09061,2
0.819442,2.43799,2
0.460687,1.57228,2
0.289321,2.6613,2
0.274693,1.62883,2
0.196713,3.05824,2
0.816336,3.31034,2
-0.595602,2.4055,2
0.798116,1.94628,2
0.774849,2.75272,2
-0.4383,1.92864,2
-1.04591,2.18208,2
-0.620993,2.56357,2
-0.00773382,3.49603,2
0.776166,2.41118,2
-1.31076,2.70857,2
0.1918,3.89976,2
0.212035,2.90826,2
-0.0458144,1.70971,2
0.360238,1.70222,2
0.417207,3.65376,2
-0.242662,2.25625,2
0.154148,1.79494,2
-0.821426,3.11765,2
-0.233142,3.17527,2
-0.575028,2.34001,2
-1.04402,2.92989,2
0.398449,2.11363,2
0.373403,2.46331,2
-0.12723,3.54054,2
-1.28295,2.21684,2
0.373266,2.29111,2
-1.12099,1.52328,2
-0.370936,2.42506,2
0.759725,1.18621,2
0.542684,3.7564,2
1.15601,2.79281,2
-0.0135175,2.65277,2
-0.514711,2.90617,2
0.353545,3.18274,2
0.288518,1.84889,2
-1.26813,2.6188,2
-0.0644349,1.3564,2
-0.547988,1.94179,2
-0.209568,1.07149,2
0.90089,4.1773,2
1.19855,1.9554,2
-1.0377,2.06187,2
-0.720345,2.21721,2
0.0150014,2.72171,2
-0.572603,2.39252,2
-0.444801,4.0831,2
0.0449087,2.73725,2
0.637023,2.96682,2
0.505832,1.91084,2
-0.223171,1.61266,2
0.325653,2.24424,2
0.888507,4.66695,2
1.42546,1.63436,2
-0.462021,2.85117,2
0.355851,1.23321,2
1.04874,3.13955,2
-0.980962,1.77614,2
0.142749,1.44834,2
0.498731,3.24273,2
-0.373635,2.30985,2
1.95719,3.57797,2
0.182391,1.35562,2
0.504705,3.91748,2
-0.362642,1.81939,2
-0.128189,2.16749,2
-0.741116,2.77606,2
-0.652016,2.49089,2
-0.589172,3.85264,2
0.0191829,1.92443,2
0.0842992,2.29173,2
0.215921,3.44828,2
-0.467619,2.27779,2
-0.902159,3.51727,2
0.233533,3.74382,2
0.864994,3.08434,2
1.29629,2.279,2
1.67184,2.36489,2
-0.375673,2.11657,2
-0.763553,1.73259,2
-0.0677014,2.58564,2
-0.644535,2.26429,2
-0.129399,1.62976,2
1.03533,4.5253,2
-0.946797,3.49594,2
0.184054,3.87327,2
0.255668,2.71691,2
-0.569506,3.19234,2
-0.399777,3.01466,2
-0.0747927,2.35037,2
-0.123215,1.97219,2
0.662469,3.3487,2
1.63751,3.15079,2
-0.604948,2.88641,2
-0.754902,2.71294,2
0.69769,2.60871,2
0.254113,2.27247,2
0.521091,3.18192,2
0.485037,2.88629,2
0.137999,2.82331,2
0.494733,2.37839,2
-0.927797,0.923111,2
1.56511,2.15671,2
0.499008,2.3152,2
-1.11104,2.54687,2
-0.942336,2.96669,2
-0.787043,2.69863,2
0.0769258,2.53899,2
-0.0663603,2.38476,2
-0.463176,1.82346,2
0.918037,2.1731,2
0.379349,3.01615,2
-0.37405,2.25413,2
0.106546,3.39691,2
1.28626,3.21969,2
-0.613978,2.87177,2
-0.469617,2.24949,2
-0.295558,2.59888,2
-0.152888,2.20544,2
0.392424,3.25687,2
0.0580245,2.49619,2
0.129811,3.36458,2
-0.713606,3.39254,2
0.0272345,2.86168,2
-0.105434,2.5375,2
-0.543133,3.10129,2
-0.120428,2.12707,2
-0.327055,2.77822,2
-0.57384,3.12466,2
-0.0850907,2.52055,2
-0.491191,3.00641,2
-1.10887,3.05792,2
1.86893,2.06549,2
-0.0363376,2.64754,2
1.03078,2.47956,2
-0.699111,2.24028,2
-1.5727,1.39745,2
0.466768,2.55931,2
1.43715,3.77682,2
-0.076606,2.71422,2
0.55904,3.01065,2
-0.407627,2.70688,2
-2.05077,3.54294,2
-0.154518,3.16325,2
-0.493165,3.00527,2
-0.667669,3.38446,2
0.878848,1.22952,2
-2.05494,2.13539,2
-0.300985,1.84134,2
-0.408366,1.10925,2
-0.827806,1.98998,2
-1.16778,2.59689,2
-0.0262934,0.981595,2
0.21686,1.76624,2
-0.580804,2.5616,2
0.248987,3.07064,2
1.18994,2.77784,2
-0.160783,3.23213,2
-0.490644,2.18402,2
-0.765298,2.65242,2
0.679376,2.87908,2
-0.569702,2.98738,2
-0.601684,3.48278,2
-0.000571764,3.39724,2
0.415204,1.8539,2
0.93684,2.67288,2
1.28557,2.46247,2
-0.848774,2.33083,2
-0.286686,3.50004,2
-0.896097,0.685247,2
0.794529,2.24279,2
-0.40502,2.47911,2
-1.11263,2.79375,2
0.0873177,2.55496,2
0.235092,3.22667,2
-0.410532,2.28067,2
0.179473,1.3107,2
-0.760242,1.97373,2
-0.67829,1.25923,2
0.126143,3.37053,2
-0.390728,2.53765,2
0.3962,4.41175,2
-0.0746807,3.13082,2
0.631359,2.58541,2
-0.914898,1.8735,2
0.302143,2.89044,2
-0.631097,2.21137,2
-0.385825,3.36668,2
-1.4348,2.76519,2
-0.143516,1.08178,2
-0.902824,2.4346,2
-0.115524,2.67203,2
-0.712775,1.94457,2
0.0868199,1.91468,2
-0.0355163,3.14362,2
0.531814,1.8145,2
-1.29282,2.37525,2
0.382117,2.81324,2
0.418037,1.56618,2
0.244059,2.53188,2
0.255554,3.15647,2
0.949856,1.46361,2
-0.521392,1.3895,2
-0.219727,2.7973,2
-0.466732,1.92893,2
0.047132,1.28372,2
-1.00263,1.84458,2
0.634474,1.25744,2
0.283292,2.19948,2
0.234353,1.65984,2
0.691867,4.68545,2
-0.57183,2.81614,2
-0.637088,2.52466,2
1.23247,3.36598,2
0.150251,2.57195,2
0.225016,1.63986,2
1.88951,2.09631,2
0.00715061,2.843,2
0.235459,3.33777,2
-0.515273,2.44762,2
-0.46833,1.48955,2
-0.0817216,2.13372,2
0.475186,1.62894,2
1.37731,2.41514,2
-1.6149,2.48189,2
0.0953309,1.59994,2
-0.0529075,2.49515,2
0.584477,2.41688,2
0.228969,2.69492,2
-1.99887,2.04714,2
0.166227,3.28957,2
-0.19225,2.54864,2
0.102717,2.35858,2
-0.716726,2.70846,2
-0.544673,2.76551,2
-0.906071,3.42828,2
0.706242,2.47066,2
1.19772,3.15431,2
-0.553652,3.81506,2
-0.701276,3.39475,2
-0.638588,2.46222,2
0.78095,1.46167,2
-0.535788,2.47955,2
0.159044,0.769143,2
-0.454527,3.24012,2
1.22489,2.61704,2
0.254406,2.88818,2
-0.193168,2.00802,2
0.02614,2.4705,2
0.103596,2.61734,2
0.221759,2.50309,2
0.200824,3.63286,2
-0.122995,1.9924,2
-0.58187,3.29212,2
1.70972,2.68921,2
0.785051,3.77882,2
0.963177,2.85793,2
-0.291411,1.74158,2
0.994644,3.43994,2
0.185875,3.62566,2
-1.12062,3.28491,2
0.781399,3.16221,2
0.542795,3.6571,2
-0.554967,2.70118,2
1.15646,2.62783,2
1.14893,2.29102,2
0.49443,2.78763,2
-0.363566,2.9513,2
0.5885,3.42508,2
-0.20808,2.03639,2
0.0135754,1.31328,2
-0.980271,2.94122,2
-0.296428,2.54221,2
-0.174959,4.23293,2
0.683751,3.1849,2
0.112501,2.61229,2
0.075173,1.68483,2
-0.724476,1.50984,2
-1.02434,3.11163,2
-0.166933,2.89333,2
0.504528,3.08525,2
-0.849438,2.12502,2
1.03434,1.6739,2
-0.332165,1.39867,2
0.552663,2.01945,2
-1.20664,2.87597,2
0.805294,3.02491,2
1.27983,2.81997,2
0.0391497,2.38378,2
-0.0214969,2.56336,2
0.17435,2.23295,2
-0.099812,4.54432,2
0.757858,1.49728,2
-0.427546,1.33041,2
0.616001,3.26039,2
-0.878322,2.40991,2
-0.520866,2.135,2
0.194361,2.52921,2
-0.59584,2.77712,2
-0.379978,1.49668,2
-0.62545,2.79669,2
-0.0923271,3.00543,2
0.467206,3.92049,2
1.76826,2.49267,2
0.791905,3.56502,2
-0.196337,2.27115,2
0.52539,1.75206,2
-0.31807,2.39151,2
-0.207568,3.30774,2
0.443557,2.38175,2
0.487113,3.48721,2
0.148657,1.73968,2
-0.737371,2.04,2
-0.836549,2.62379,2
0.546008,1.13259,2
-1.12826,3.09248,2
0.17993,1.78137,2
0.483412,3.2018,2
-1.28124,1.63228,2
0.197581,2.28739,2
0.114255,1.98538,2
0.74922,0.818776,2
0.0713842,2.56761,2
-0.225411,2.32425,2
0.0416786,2.30553,2
-0.828014,2.73499,2
-0.656932,2.92661,2
0.654354,2.55279,2
-0.494901,1.51753,2
-0.562264,2.21721,2
1.4165,3.01911,2
1.12449,2.10508,2
0.913667,1.69768,2
0.71189,0.927627,2
-0.0153225,1.27858,2
0.0428508,3.18334,2
0.0609948,1.75431,2
1.03241,3.42321,2
-0.0850397,2.77916,2
-0.701977,1.43641,2
-0.226799,3.22424,2
0.181703,2.08668,2
0.4978,3.10958,2
-0.749609,2.05678,2
-1.37422,2.19498,2
0.380927,3.32936,2
0.778462,3.7869,2
-0.192385,2.48357,2
-0.0105148,1.18678,2
-1.62256,1.19064,2
0.291444,2.3115,2
1.12446,1.80179,2
0.43022,2.94667,2
0.748247,1.47656,2
-0.319433,3.67133,2
1.0234,2.99557,2
0.732402,2.38104,2
0.910179,2.19634,2
0.389543,2.67689,2
0.0894921,1.27909,2
-0.146574,2.72113,2
1.03411,3.0814,2
-1.44876,2.06476,2
0.185194,2.61328,2
0.64326,1.47307,2
-0.126406,2.67244,2
0.587525,2.29976,2
-0.00898978,2.37499,2
0.0256946,2.77733,2
2.01487,2.37346,2
-0.448374,1.94204,2
1.26185,2.40675,2
-1.37862,2.79984,2
-0.389657,3.50323,2
0.821166,1.07937,2
1.04391,2.29255,2
-0.83762,2.58962,2
0.0201754,3.87682,2
0.452486,2.69242,2
-0.386297,1.07431,2
-0.760485,2.59765,2
0.439312,1.69918,2
-0.861284,1.66962,2
-0.26127,2.74747,2
0.594005,2.2178,2
0.263005,3.56869,2
-1.67162,3.42055,2
-0.7559,3.35716,2
0.939186,1.43019,2
0.501635,2.31924,2
0.21389,2.33545,2
-1.08984,2.5058,2
0.0841264,2.06558,2
-0.272443,2.86444,2
-0.566985,1.91364,2
0.48833,2.65693,2
-0.59306,2.50837,2
0.373507,1.04243,2
0.0738549,2.65326,2
0.318631,3.09989,2
-0.523143,2.87365,2
-0.63197,0.35799,2
0.769322,2.87617,2
0.386287,2.68395,2
-0.347426,3.27135,2
-0.0539109,2.61529,2
1.1903,2.51006,2
-0.0511973,2.21225,2
-0.41319,2.1068,2
0.436641,3.07906,2
-0.320214,2.00414,2
1.05188,3.18962,2
0.79977,2.91955,2
0.481092,2.43936,2
0.397289,3.37011,2
0.237023,2.15379,2
-0.973257,3.64793,2
-0.433879,2.38074,2
1.14527,1.56662,2
-0.557413,2.27521,2
-1.27011,2.64704,2
0.103789,2.32718,2
0.230649,2.78717,2
-0.0373557,4.03035,2
-0.39602,2.32072,2
1.11715,3.45066,2
-0.756209,2.72254,2
-0.565258,2.37096,2
-0.809137,3.30426,2
0.542204,2.99632,2
-0.568739,3.68522,2
-0.0722557,1.46804,2
0.0366601,2.2527,2
-0.701356,1.44163,2
-0.982021,2.27964,2
-0.214064,3.33574,2
0.117036,1.928,2
-0.492244,2.26331,2
0.220306,2.45575,2
-0.121951,2.95174,2
-0.109796,1.52506,2
-0.942926,2.34216,2
0.546311,1.50766,2
-1.04947,3.03786,2
-0.636437,2.17981,2
-1.17358,3.23247,2
-0.825946,3.12362,2
-0.171203,3.13325,2
-0.799832,2.31784,2
-0.317257,2.71258,2
1.16808,4.39804,2
-0.841712,2.47306,2
0.69771,1.0322,2
0.153368,1.51178,2
0.18337,2.15167,2
0.19687,1.08776,2
-0.560212,1.09885,2
1.06422,2.7867,2
0.711814,2.88578,2
-0.562825,2.84932,2
-0.369605,2.7774,2
0.292051,2.54465,2
-1.08334,2.54802,2
-0.96832,3.73768,2
-0.142429,2.56405,2
-0.218537,3.27553,2
-0.182386,1.353,2
-0.279117,3.12824,2
0.531205,1.91326,2
-0.351088,3.0063,2
-0.929546,1.52338,2
-0.570385,1.11488,2
0.258963,2.8731,2
-0.377678,2.76714,2
0.0325344,2.43798,2
0.808954,3.50524,2
0.292265,2.84051,2
-1.53463,2.37921,2
-0.606283,3.65545,2
0.303931,1.40791,2
1.19099,2.871,2
-0.742294,2.04411,2
1.39263,1.51661,2
0.652597,4.2914,2
0.736096,2.63269,2
1.1717,2.00553,2
0.205832,2.84573,2
-0.864055,2.80471,2
0.588086,2.71424,2
-0.301885,2.56735,2
-0.782799,1.16369,2
0.570663,1.7942,2
-0.280948,1.56844,2
-0.33746,2.83554,2
0.63865,1.98932,2
-0.728093,2.56524,2
-0.199777,1.1926,2
0.991485,2.22219,2
0.679439,2.32247,2
-0.502223,2.28908,2
1.24877,2.99067,2
0.574268,2.29081,2
-0.337089,2.26265,2
-1.07354,1.79544,2
-0.0401526,1.69092,2
0.536193,2.96918,2
-0.222264,2.30848,2
0.22535,1.83964,2
-0.518966,2.05416,2
0.666234,1.41375,2
-1.36327,2.37063,2
1.5145,3.28672,2
0.368726,0.421349,2
-1.16282,2.39465,2
-0.253946,3.67918,2
0.41736,2.81618,2
-0.220553,1.94859,2
0.824859,1.705,2
-0.603661,1.27121,2
0.169623,3.27786,2
-0.638077,1.46021,2
-0.0505725,2.41507,2
0.339147,2.3712,2
0.165223,1.52308,2
-0.721437,2.53903,2
0.417052,2.88539,2
0.543857,1.65844,2
0.510797,3.13564,2
0.0598361,1.23312,2
-0.379848,4.099,2
0.750191,3.13237,2
-0.569012,3.53956,2
1.21254,2.9757,2
-0.402858,1.99913,2
-0.404393,3.18591,2
1.19819,2.85304,2
-0.676128,3.21513,2
-1.26216,3.82892,2
0.424084,3.22326,2
-0.984744,1.74908,2
-0.0644194,3.6582,2
0.0289857,2.0783,2
-0.513572,1.25992,2
0.880451,1.75469,2
0.722359,2.14032,2
-0.725762,4.20448,2
0.526559,2.36675,2
-0.997327,1.69751,2
-0.537346,3.09252,2
0.273768,2.94775,2
0.244538,2.64202,2
-0.0209527,2.9177,2
0.172867,3.32286,2
-0.36666,3.36362,2
-0.607234,2.11007,2
-0.0256921,2.51745,2
1.03015,2.90158,2
-0.657142,2.22123,2
0.38937,2.91884,2
0.394832,2.49104,2
0.027094,2.71493,2
0.311415,3.69708,2
0.249482,3.02888,2
0.194201,3.01007,2
-0.998703,3.94718,2
-1.17359,3.16587,2
0.919877,2.5326,2
0.55661,3.67568,2
1.02035,3.38815,2
-0.65251,2.84285,2
1.02999,3.2812,2
0.25307,3.69765,2
-0.544284,2.41676,2
0.339454,1.44275,2
1.40922,2.96948,2
0.212823,2.82981,2
0.275126,3.13283,2
0.73123,2.90635,2
0.698727,0.89773,2
-0.639231,1.65444,2
-0.800047,2.30823,2
0.578884,2.50444,2
0.456271,2.56947,2
0.17741,4.39398,2
-1.48799,2.15554,2
0.52751,1.41169,2
0.784406,2.91933,2
-0.713052,3.29179,2
-0.00207408,2.95215,2
1.9819,1.62862,2
0.155515,3.8702,2
0.246222,2.69668,2
-0.559638,3.21822,2
-0.127847,1.77808,2
-0.132484,3.15392,2
0.391097,2.76984,2
0.850947,3.33837,2
-0.148271,1.71945,2
-0.0530247,2.96998,2
-0.0298515,1.53156,2
0.341945,4.32022,2
0.0691706,2.05227,2
0.101801,3.79164,2
-0.767372,2.53189,2
0.599081,2.21161,2
-0.483287,2.69545,2
-0.504815,3.068,2
-1.27133,2.60136,2
0.850916,3.0486,2
0.319837,2.04106,2
0.0439233,2.56258,2
-1.1564,3.59637,2
-0.10541,1.772,2
0.705177,2.56235,2
-1.48996,1.1171,2
-0.222499,3.16958,2
0.582284,3.07582,2
-0.201638,2.04418,2
-0.511823,2.68787,2
0.00538863,2.02988,2
-1.29067,2.47468,2
-0.281734,2.80372,2
-0.226525,2.30498,2
-0.250226,4.01885,2
-0.967905,2.17405,2
0.213011,2.1842,2
-0.127002,2.66344,2
-0.568848,2.88312,2
0.638966,1.86597,2
-0.270297,2.41593,2
0.399073,2.71645,2
0.174687,2.87979,2
0.638368,2.52402,2
-0.362431,3.41651,2
-0.0288442,1.60489,2
-1.22594,2.98989,2
0.0390075,2.3821,2
-0.812957,1.6342,2
0.46434,2.68141,2
0.813179,3.2922,2
-0.0854572,1.58709,2
0.585867,1.97107,2
-0.92441,1.95311,2
0.338174,2.77421,2
-0.149788,1.41831,2
-0.815642,2.46471,2
-0.251625,2.68311,2
-0.494478,2.96478,2
-0.213002,1.95622,2
1.28511,2.7165,2
-0.652817,2.77252,2
-0.870691,2.3299,2
-0.272493,3.18239,2
-0.765903,2.62788,2
-0.595345,2.90651,2
-0.665956,3.25355,2
0.898225,1.7748,2
0.515114,2.89436,2
1.14065,2.62059,2
0.4139,3.37595,2
0.353509,2.02663,2
0.0599888,3.09433,2
-1.04544,1.96912,2
-0.439024,3.04938,2
0.677805,1.99629,2
0.335291,2.38083,2
-1.74471,2.44983,2
0.449368,2.31826,2
0.0857716,2.65731,2
0.481595,3.49912,2
1.21108,0.853663,2
-0.256281,2.58568,2
0.276741,1.37682,2
0.901604,2.49425,2
0.636372,2.33657,2
0.526294,1.89287,2
-0.551153,3.23798,2
-0.348625,0.513566,2
-0.141558,2.36215,2
-0.560731,2.92375,2
-0.327971,2.72763,2
-0.19615,3.20845,2
0.0897141,2.55933,2
1.28897,2.27745,2
-0.693446,2.49017,2
0.699336,4.18745,2
-0.931562,2.4378,2
0.0813368,2.06884,2
0.857565,2.32163,2
0.420898,2.53184,2
0.281963,1.41674,2
-0.151505,3.05184,2
0.430607,2.42929,2
0.0154266,1.55186,2
-1.07458,2.94175,2
-0.0471324,2.45937,2
0.900239,2.90083,2
-0.729005,3.55797,2
0.427248,1.96675,2
0.559384,2.2154,2
1.19702,3.59754,2
-0.298663,1.52012,2
-0.191896,3.3849,2
-0.324532,2.68585,2
0.316196,2.16972,2
0.317442,4.3028,2
-0.368102,4.39953,2
-1.0304,1.81937,2
-0.591323,2.74849,2
1.21497,2.07904,2
-0.620943,2.41465,2
-0.525434,2.36671,2
1.05713,2.80127,2
-0.667096,2.67773,2
-0.201125,1.86615,2
0.199725,1.44487,2
0.393854,3.20286,2
0.191919,1.44248,2
0.572986,4.02726,2
-0.261275,1.37572,2
-0.0347253,2.65853,2
-0.346655,2.36596,2
0.00370606,3.11749,2
-0.132911,2.71279,2
-0.699775,2.25601,2
-0.397592,1.79356,2
1.8301,3.36927,2
0.887442,2.50584,2
0.929669,2.35745,2
-0.29304,1.6006,2
-1.35954,4.22621,2
0.0790691,2.67324,2
-0.612051,2.27251,2
-0.602474,3.64958,2
0.26968,1.46313,2
-0.560112,3.01926,2
-0.466055,2.58066,2
-0.871605,3.06238,2
-0.857371,2.294,2
0.821097,2.15022,2
-0.656576,1.28877,2
-0.194058,3.00061,2
-0.285534,2.32433,2
-0.936675,2.99351,2
-0.00379262,2.17527,2
0.231794,2.50898,2
-0.950309,1.90181,2
1.36605,1.90521,2
0.838395,3.01175,2
-1.80357,2.66884,2
-0.0390959,3.18148,2
-0.83287,1.69336,2
0.264265,3.13121,2
-0.104589,1.16292,2
-0.204713,2.27142,2
0.158941,1.7913,2
0.177141,2.40349,2
0.406185,2.91316,2
0.170215,3.69507,2
0.658917,2.0929,2
0.238107,1.4991,2
-0.54256,2.31209,2
-0.863931,3.25555,2
0.303366,2.15322,2
0.74812,4.72693,2
0.888169,1.32034,2
-0.552635,3.23265,2
0.92693,3.4738,2
-0.580083,2.18501,2
-0.427552,3.12691,2
-0.0526347,3.20226,2
-1.19116,2.55459,2
0.286464,3.29333,2
0.373718,2.17528,2
-0.561324,2.37188,2
-0.960822,3.21004,2
0.0312089,2.40579,2
1.63626,2.93119,2
0.175427,2.68715,2
0.450905,1.75019,2
-0.594721,2.75803,2
0.443171,2.1656,2
0.706807,1.38513,2
-0.678166,2.19145,2
-0.075591,1.92116,2
-0.0497432,3.68357,2
0.436486,1.68917,2
0.473643,3.33423,2
0.829434,2.95002,2
0.113784,3.66289,2
0.887567,3.13215,2
-0.602812,2.62026,2
-1.01565,2.30057,2
-1.05159,2.58999,2
0.413006,3.52545,2
-0.624718,3.18391,2
-0.0106356,2.7648,2
0.997323,0.813221,2
-0.0916018,3.42004,2
-1.18844,4.12947,2
-0.51935,3.07685,2
-0.14498,2.15386,2
0.790801,2.50344,2
-1.11071,2.08966,2
-0.231417,3.75107,2
-0.278785,2.78811,2
0.375023,2.90625,2
0.424226,1.72557,2
0.401694,2.57312,2
0.336678,2.15855,2
0.461149,3.02297,2
-0.802207,2.00304,2
0.378357,2.43055,2
-0.917743,2.51528,2
0.0538124,3.33189,2
0.128272,3.41666,2
0.469952,2.26366,2
-0.123917,1.78968,2
-0.397422,2.80121,2
0.26862,1.41824,2
0.0412873,2.33847,2
0.791235,1.99899,2
-0.658427,2.74987,2
0.00898722,2.35598,2
1.36756,1.91872,2
1.14498,2.81529,2
-0.771165,1.45684,2
1.22262,2.49862,2
-0.39575,3.45022,2
1.21355,3.16196,2
0.375319,2.71681,2
-1.4438,0.644163,2
-1.70808,3.53229,2
-0.209278,2.61639,2
-0.461428,3.47925,2
-0.120881,2.87262,2
0.343946,2.40294,2
0.125734,2.61359,2
-0.180839,3.62768,2
0.678824,2.28554,2
-0.425267,2.80855,2
-0.223678,2.0824,2
-0.749926,2.36207,2
0.699374,2.28846,2
0.402756,1.57746,2
-0.463692,2.18447,2
-0.949889,3.33099,2
-0.396537,2.97396,2
1.56183,1.53283,2
0.0786106,2.71951,2
0.566272,1.04514,2
-0.456761,3.33356,2
-0.47039,1.767,2
-0.794989,2.45838,2
0.468029,2.74099,2
0.27334,2.33323,2
-0.205344,2.69838,2
-1.35335,2.4598,2
1.18028,3.19655,2
-0.334076,1.8458,2
0.258627,1.66953,2
-1.24377,2.53254,2
0.0532783,3.48589,2
0.935151,2.20562,2
-0.204308,3.38637,2
0.268364,2.46296,2
-0.336519,2.01093,2
0.411676,3.18222,2
-0.0270533,1.35561,2
-0.0830939,1.96252,2
-0.166238,2.66694,2
-0.331159,2.57815,2
-0.569433,1.62414,2
0.222475,1.65551,2
-0.586955,2.49575,2
0.0548645,2.59217,2
0.29138,2.18835,2
0.48456,2.79841,2
0.146737,1.33996,2
-1.18332,3.0936,2
1.07276,2.27959,2
0.228429,1.82146,2
-0.707141,2.49424,2
1.17235,1.50385,2
-0.471993,3.04834,2
0.205305,2.6018,2
-1.13156,2.7102,2
-0.758346,2.80273,2
-0.237809,2.79956,2
-0.625458,3.73654,2
0.667178,3.73496,2
-0.163614,2.40698,2
-0.082742,2.9387,2
1.22235,2.44059,2
-1.48664,1.79478,2
-0.608097,1.0913,2
-0.365047,3.402,2
0.172417,2.32081,2
-1.50735,2.84588,2
-1.43256,2.93898,2
-0.129249,2.77198,2
-0.109571,3.09234,2
0.874565,2.45513,2
0.143261,2.529,2
0.254429,2.62148,2
1.5818,3.58588,2
-0.684821,1.71611,2
-1.3824,3.61479,2
-0.527471,2.42214,2
-0.59469,1.59437,2
-0.883844,1.91647,2
0.96018,2.6747,2
-0.055113,1.94154,2
-0.167358,1.89204,2
0.504117,2.99893,2
-0.160336,1.87348,2
-0.752903,3.19701,2
0.261674,2.49434,2
-0.0306268,1.35792,2
0.69585,2.62962,2
-0.944247,2.56594,2
-0.0153341,3.12112,2
0.0625119,2.82346,2
1.52153,2.11361,2
-0.199104,2.44271,2
0.336699,2.56271,2
0.236835,2.05181,2
1.02248,2.59777,2
-0.473193,2.87579,2
0.18269,2.62161,2
-0.88447,2.43937,2
-0.133348,2.3658,2
-0.47269,1.24657,2
1.22078,3.30946,2
1.42201,1.9664,2
0.549136,2.70762,2
0.170385,2.18814,2
-0.353972,1.99691,2
0.638452,1.7086,2
-0.225119,1.6292,2
-0.077449,3.76322,2
0.070573,2.15897,2
0.0199615,2.5654,2
-0.980346,1.43702,2
-0.535606,1.80391,2
1.18408,2.47917,2
0.291313,2.29479,2
0.55111,3.20576,2
-0.571683,3.1988,2
0.580806,2.69105,2
-0.00644619,3.13849,2
0.586362,2.91586,2
0.284039,1.76422,2
1.87349,1.48412,2
0.240599,2.39659,2
-1.02013,1.26138,2
1.56181,2.20661,2
-0.389556,2.83202,2
0.38929,2.53703,2
0.563213,2.64971,2
-0.267587,1.81361,2
-1.11006,1.91489,2
0.00314405,2.22195,2
-1.03923,2.59079,2
0.0674258,1.67064,2
0.088077,2.70793,2
-0.404189,2.85951,2
0.153193,2.27699,2
-0.641457,2.62684,2
0.551154,2.02513,2
0.100946,1.80464,2
0.360552,3.30023,2
-0.990953,1.96442,2
-0.631584,3.16531,2
-0.524343,2.6084,2
-0.469913,2.0869,2
0.619201,2.25959,2
0.292473,1.83698,2
-0.245527,1.84824,2
-0.712012,4.29411,2
1.33922,2.78071,2
0.44645,1.99798,2
-0.712917,1.94426,2
-0.947744,1.77542,2
0.715943,2.47666,2
-0.107228,1.64832,2
0.488797,2.62916,2
0.434977,2.79379,2
0.511441,1.72371,2
0.0491192,0.881751,2
-0.647666,2.76498,2
-0.487075,3.72483,2
-0.908778,1.79429,2
-0.530476,2.85819,2
